ID,DATE,VICTIM,GROUP,COUNTRY,LINK,ITALY,🇪🇺 EU/NIS2
,"January 1, 2025",Lian Beng Group,RansomHub,Singapore,lianbeng.com.sg,,
,"January 1, 2025",Kitevuc,CiphBit,Portugal,kitevuc.com,,NIS2 🇪🇺
,"January 2, 2025",ConfluxHR,DarkVault,India,confluxhr.com,,
,"January 2, 2025",Groupe GM,RansomHub,France,groupegm.com,,NIS2 🇪🇺
,"January 3, 2025",Nikki-Universal Co.,Hunters,Japan,n-u.co.jp,,
,"January 3, 2025",Voltaire Avocats,8base,France,voltaire-avocats.com,,NIS2 🇪🇺
,"January 3, 2025",Geeding Construction,RansomHub,USA,geedingconstruction.com,,
,"January 3, 2025",Amourgis & Associates,Lynx,USA,amourgis.com,,
,"January 3, 2025",Jay Enn Corporation,8base,USA,jayenn.com,,
,"January 3, 2025",Carrollton Orthopaedic Clinic,8base,USA,orthowestga.com,,
,"January 3, 2025",ISOR,Cicada3301,France,isor.fr,,NIS2 🇪🇺
,"January 3, 2025",SolGeo AG,8base,Switzerland,solgeo.ch,,
,"January 3, 2025",Lyons Specialty,8base,USA,lyons-aav.com,,
,"January 3, 2025",Alliance Material Handling,RansomHub,USA,alliancemat.com,,
,"January 3, 2025",Grupo Buddemeyer,8base,Brazil,buddemeyer.com.br,,
,"January 3, 2025",Tarnaise des Panneaux,8base,France,tarnaisepanneaux.fr,,NIS2 🇪🇺
,"January 4, 2025",Hasa,ElDorado,Argentina,hasa-arg.com,,
,"January 4, 2025",Peru Controls,ElDorado,Peru,perucontrols.com,,
,"January 4, 2025",Auxis,Apos Security,USA,auxis.com,,
,"January 4, 2025",Ville de Montréal,Rhysida,Canada,montreal.ca/montreal-nord,,
,"January 4, 2025",Maxvalue Credits,Qilin,India,maxvaluecredits.com,,
,"January 4, 2025",SMA The Program Lyfecycle Company,Qilin,USA,smawins.com,,
,"January 4, 2025",Datascan,ElDorado,USA,datascan.com,,
,"January 4, 2025",Legal Services Corporation of Delaware,Qilin,USA,lscd.com,,
,"January 4, 2025",YorkTest Laboratories,Qilin,USA,yorktest.com,,
,"January 5, 2025",Vecchio and Company PLLC,Qilin,USA,,,
,"January 5, 2025",Hunter Taubman Fischer & Li,Lynx,USA,htflawyers.com,,
,"January 5, 2025",Akantha,ElDorado,France,akantha.fr,,NIS2 🇪🇺
,"January 6, 2025",Los Andes,akira,Argentina,losandes.com.ar,,
,"January 6, 2025",Action Imports,akira,Canada,actionimports.com,,
,"January 6, 2025",Maverick Constructors,akira,USA,maverickconstructors.com,,
,"January 6, 2025",Gunnar Prefab,akira,Sweden,gunnarprefab.se,,NIS2 🇪🇺
,"January 6, 2025",WSI Warehouse Specialists,Cl0p^_,USA,wsinc.com,,
,"January 6, 2025",Yoniot,DarkVault,China,yoniot.cn,,
,"January 6, 2025",A Bar A Ranch,akira,USA,abararanch.com,,
,"January 6, 2025",Bluegrass Ingredients,akira,USA,bluegrassingredients.com,,
,"January 6, 2025",Molars,RansomHub,Kenya,molars.co.ke,,
,"January 6, 2025",Velocitors Solutions,Cl0p^_,USA,velsol.com,,
,"January 7, 2025",IRO Paris,8base,France,iroparis.com,,NIS2 🇪🇺
,"January 7, 2025",BBB Industries,SafePay,USA,bbbind.com,,
,"January 7, 2025",Drivestream,akira,USA,drivestream.com,,
,"January 7, 2025",CED Solutions Computer IT Training Centers,8base,USA,cedsolutions.com,,
,"January 7, 2025",Lake Shore Public Schools,8base,USA,lakeshoreschools.org,,
,"January 7, 2025",Muscogee County School District,SafePay,USA,muscogee.k12.ga.us,,
,"January 7, 2025",Sport Boutique,8base,France,sport-boutique.com,,NIS2 🇪🇺
,"January 7, 2025",Ascom SPA,8base,Italy,ascom-italy.it,🇮🇹,NIS2 🇪🇺
,"January 7, 2025",Bergstrom Wines,8base,USA,bergstromwines.com,,
,"January 7, 2025",Jim Thompson,Lynx,Thailand,jimthompson.com,,
,"January 7, 2025",Weininger Metall System GmbH,8base,Germany,weininger-metall-system.de,,NIS2 🇪🇺
,"January 7, 2025",Excel Transportation,Lynx,Canada,exceltransportation.ca,,
,"January 7, 2025",AAA Environmental,akira,USA,aaaenvironmental.com,,
,"January 7, 2025",D-7 Roofing,Lynx,USA,d7roofing.com,,
,"January 7, 2025",Pus Gmbh,Morpheus,Germany,pus-gmbh.eu,,NIS2 🇪🇺
,"January 7, 2025",Collège Saint-Barthélemy,FOG,Belgium,saintbar.be,,NIS2 🇪🇺
,"January 7, 2025",Omnitravel,8base,Belgium,omnitravel.be,,NIS2 🇪🇺
,"January 7, 2025",Hectare,8base,France,hectare.fr,,NIS2 🇪🇺
,"January 7, 2025",Drywall Partitions,akira,USA,drywallpartitions.com,,
,"January 7, 2025",Arrotex Pharmaceuticals,Morpheus,Australia,dbghealth.com.au,,
,"January 7, 2025",Sunflower Medical Group,Rhysida,USA,sunflowermed.com,,
,"January 8, 2025",General Digital,Space Bears,USA,generaldigital.com,,
,"January 8, 2025",General Digital CRM,Space Bears,Taiwan,my-gd.com,,
,"January 8, 2025",Surface Combustion,akira,USA,surfacecombustion.com,,
,"January 8, 2025",SAH Petrol,RansomHub,Turkey,sahpetrol.com.tr,,
,"January 8, 2025",Acqua Fértil,RansomHub,Brazil,acquafertil.com.br,,
,"January 8, 2025",Slawson Companies,akira,USA,slawsoncompanies.com,,
,"January 8, 2025",Huntington Hotel Group,Termite,USA,huntingtonhotelgroup.com,,
,"January 8, 2025",Press Color,akira,USA,presscolorinks.com,,
,"January 8, 2025",King Power Corporation,Abyss,Thailand,kingpower.com,,
,"January 8, 2025",Fort Wayne Medical Education Program,INCRansom,USA,fwmep.edu,,
,"January 9, 2025",Pick n Pay,APT73/BASHE,South Africa,pnp.co.za,,
,"January 9, 2025",Industrias Galfer SA,akira,Spain,galfer.eu,,NIS2 🇪🇺
,"January 9, 2025",Bendix Engineering,MedusaLocker,USA,bendixengineering.com,,
,"January 9, 2025",Northern Lights Electric,akira,USA,northernlightselectricinc.com,,
,"January 9, 2025",Hausarztpraxis Schulstrasse,ThreeAM,Germany,hapsch.de,,NIS2 🇪🇺
,"January 9, 2025",Permoda LTDA,akira,Colombia,permoda.com.co,,
,"January 9, 2025",Castlehill Housing Association,RansomHub,UK,castlehillha.co.uk,,
,"January 9, 2025",Al Ansari Global,EMBARGO,Oman,alansariglobal.com,,
,"January 9, 2025",Depew Gillen Rathbun & McInteer,INCRansom,USA,depewgillen.com,,
,"January 9, 2025",Chain and Rope Suppliers,akira,Ireland,chainandrope.ie,,NIS2 🇪🇺
,"January 9, 2025",FUKOKU,Space Bears,Japan,fukoku-jp.com,,
,"January 9, 2025",Driveline Services,RansomHub,USA,drive-lines.com,,
,"January 9, 2025",Rent-2-Own,Medusa,USA,r2o.com,,
,"January 10, 2025",Metalmatrix Clamps,akira,Brazil,metalmatrix.com.br,,
,"January 10, 2025",Excel Resorcing,RansomHub,UK,excelresourcing.co.uk,,
,"January 10, 2025",Peikko Group,akira,Finland,peikko.com,,NIS2 🇪🇺
,"January 10, 2025",Xtremmedia,RansomHub,Spain,xtremmedia.com,,NIS2 🇪🇺
,"January 10, 2025",TEMO Tekstil,RansomHub,Turkey,temotekstil.com.tr,,
,"January 10, 2025",MIE Industrial SDN,RansomHub,Malaysia,mie.com.my,,
,"January 10, 2025",American Plumbing & Heathing,RansomHub,USA,amerplumb.com,,
,"January 10, 2025",Fairhall Zhang & Associates,RansomHub,Canada,fairhallzhang.com,,
,"January 10, 2025",League Education & Treatment Center,RansomHub,USA,leaguecenter.org,,
,"January 10, 2025",Rotary Thailand,RansomHub,Thailand,rotaryeng.co.th,,
,"January 10, 2025",OmniRide,FOG,USA,omniride.com,,
,"January 10, 2025",Ichikawa North America Corporation,akira,USA,k-felt.co.jp,,
,"January 10, 2025",Caixa de Previdência e Assistência dos Servidores da Fundação Nacional de Saúde,akira,Brazil,capesesp.com.br,,
,"January 10, 2025",Thomas J. Henry Law,akira,USA,thomasjhenrylaw.com,,
,"January 10, 2025",Sheyenne Tooling & Manufacturing,Sarcoma,USA,sheyennemfg.com,,
,"January 10, 2025",Primal Wear,RansomHub,USA,primalwear.com,,
,"January 10, 2025",Qualinet,Rhysida,Canada,qualinet.ca,,
,"January 10, 2025",EVAS Group,ElDorado,Canada,evasair.com,,
,"January 10, 2025",Evidn.,Everest,Australia,evidn.com,,
,"January 10, 2025",Wise Solution and Consulting,RansomHub,Thailand,wisesocon.com,,
,"January 11, 2025",Patriarche Office of Architecture,Hunters,France,patriarche.fr,,NIS2 🇪🇺
,"January 11, 2025",Granby Industries,Black Basta,Canada,granbyindustries.com,,
,"January 11, 2025",Pleasants Construction,Qilin,USA,pleasantsconstruction.com,,
,"January 11, 2025",Barber Specialties,Hunters,USA,barberspec.com,,
,"January 11, 2025",Astaphans Home & Building Center,Lynx,Dominican Republic,astaphans.com,,
,"January 11, 2025",Mortgage Investors Group,Black Basta,USA,migonline.com,,
,"January 11, 2025",Ekomercio,Cl0p^_,Mexico,ekomercio.com.mx,,
,"January 11, 2025",Plasma-Therm,Black Basta,USA,plasmatherm.com,,
,"January 11, 2025",Musicians Institute College,RansomHub,USA,mi.edu,,
,"January 11, 2025",Corob SPA,Hunters,Italy,corob.com,🇮🇹,NIS2 🇪🇺
,"January 11, 2025",Unisource Information Services,Hunters,USA,unisourcejv.com,,
,"January 11, 2025",Costex Tractor Parts,Hunters,USA,costex.com,,
,"January 11, 2025",RocSearch,Hunters,UK,rocsearch.com,,
,"January 11, 2025",T. Hasegawa USA,Hunters,USA,thasegawa.com,,
,"January 11, 2025",Bnext.nl,Black Basta,Netherlands,bnext.nl,,NIS2 🇪🇺
,"January 11, 2025",City of Westhaven,Qilin,USA,cityofwesthaven.com,,
,"January 11, 2025",Avril,Black Basta,Canada,avril.ca,,
,"January 11, 2025",Brachot,Black Basta,Belgium,brachot.com,,NIS2 🇪🇺
,"January 11, 2025",Schuff Steel,Black Basta,USA,schuff.com,,
,"January 11, 2025",Arun Estate Agencies Limited,Black Basta,UK,arunestates.co.uk,,
,"January 13, 2025",Administración Tributaria Provincial Formosa,LockBit3,Argentina,atpformosa.gob.ar,,
,"January 13, 2025",Welcome Hall Mission,Everest,Canada,welcomehallmission.com,,
,"January 13, 2025",Delap & Waller,Lynx,UK,delapandwaller.com,,
,"January 13, 2025",Telering Fachhandelskooperation,LockBit3,Germany,telering.de,,NIS2 🇪🇺
,"January 13, 2025",Sergas Group,Lynx,UAE,sergasgroup.com,,
,"January 13, 2025",Pt Pins Indonesia,DragonForce,Indonesia,pins.co.id,,
,"January 13, 2025",Nicatel,LockBit3,Uruguay,nicatel.com.uy,,
,"January 13, 2025",Candela y Asociados,LockBit3,Spain,candelasyasociados.es,,NIS2 🇪🇺
,"January 13, 2025",OYO Hotel & Casino,LockBit3,USA,oyolasvegas.com,,
,"January 13, 2025",Viaçao Jakarei,LockBit3,Brazil,viacaojacarei.com.br,,
,"January 13, 2025",Fisher Boryles Browdy,Lynx,USA,fisherbroyles.com,,
,"January 13, 2025",Duray J.F. Duncan,Cl0p^_,USA,durayduncan.com,,
,"January 13, 2025",Gelco,LockBit3,Brazil,gelcointernational.com,,
,"January 13, 2025",Conad Soc. Coop.,Lynx,Italy,conad.it,🇮🇹,NIS2 🇪🇺
,"January 13, 2025",Escambia Community Clinics,RansomHub,USA,healthcarewithinreach.org,,
,"January 13, 2025",La Mejor SA,LockBit3,Colombia,lamejor.com.co,,
,"January 13, 2025",Novati Constructions,Lynx,Australia,novaticonstructions.com,,
,"January 13, 2025",Nash Brothers Construction,Lynx,USA,nashbrothers.com,,
,"January 13, 2025",PHG CPAs,Lynx,USA,bushman.biz,,
,"January 14, 2025",The Metropolitan Borough of Gateshead,Medusa,UK,gateshead.gov.uk,,
,"January 14, 2025",Boart & Wire SRL,Sarcoma,Italy,boartandwire.com,🇮🇹,NIS2 🇪🇺
,"January 14, 2025",Bring Solution,8base,Brazil,bringsolutions.com.br,,
,"January 14, 2025",Sharm Reef Hotel,Space Bears,Egypt,sharmreefhotel.com-sharmelsheikh.com,,
,"January 14, 2025",The Chicano Federation,Rhysida,USA,chicanofederation.org,,
,"January 14, 2025",Moinho Globo Alimentos,akira,Brazil,moinhoglobo.com.br,,
,"January 14, 2025",Beyond79,akira,USA,beyond79.com,,
,"January 14, 2025",Indus Towers,Medusa,India,industowers.com,,
,"January 14, 2025",Clnica CES,Qilin,Colombia,clinicaces.edu.co,,
,"January 14, 2025",QualiTech,Lynx,USA,qualitech.com,,
,"January 14, 2025",Wynnewood High School,8base,USA,wynnewood.k12.ok.us,,
,"January 14, 2025",Imperial Valley Respite,INCRansom,USA,ivrespite.com,,
,"January 14, 2025",Kinseth Hospitality Companies,Lynx,USA,kinseth.com,,
,"January 14, 2025",PJ's Rebar,akira,USA,pjsrebar.com,,
,"January 14, 2025",Union Studio,akira,USA,unionstudioarch.com,,
,"January 14, 2025",The University of Oklahoma,FOG,USA,ou.edu,,
,"January 14, 2025",Pittman Construction,LockBit3,USA,pittman-construction.com,,
,"January 14, 2025",Riverina Medical,INCRansom,Australia,rivmed.org.au,,
,"January 14, 2025",Douglas County,Lynx,USA,ddcwsa.com,,
,"January 14, 2025",Intelservice,RansomHub,Nigeria,intelservice.com,,
,"January 14, 2025",Netform GmbH,8base,Germany,net-inform.de,,NIS2 🇪🇺
,"January 14, 2025",OneCare LTC,INCRansom,USA,onecareltc.com,,
,"January 14, 2025",Solaris Pharma,Everest,USA,solaris-pharma.com,,
,"January 14, 2025",Woodport Doors,Lynx,USA,wdp.woodportdoors.com,,
,"January 14, 2025",SciTech Services,FOG,USA,scitechinc.com,,
,"January 14, 2025",AVI Southeast,Medusa,USA,avisoutheast.com,,
,"January 14, 2025",Findhelp Information Services,INCRansom,Canada,findhelp.ca,,
,"January 14, 2025",Thilges & Bernhardt Attorneys at Law,Qilin,USA,tandblawfirm.com,,
,"January 14, 2025",Udb Net,RansomHub,Austria,udb.net,,NIS2 🇪🇺
,"January 14, 2025",Gebäudereinigungsakademie der Wiener Gebäudereiniger Betriebs,8base,Austria,gebaeudereinigungsakademie.at,,NIS2 🇪🇺
,"January 14, 2025",Buttery,FOG,USA,butterycompany.com,,
,"January 14, 2025",Biomedical Caledonia Medical Laboratory,INCRansom,Jamaica,biomedicaljm.com,,
,"January 14, 2025",Moraviakov,8base,Czech Republic,cts-moravia.webnode.cz,,NIS2 🇪🇺
,"January 14, 2025",Spectrum Medical Imaging,INCRansom,Australia,spectrumradiology.com.au,,
,"January 15, 2025",Communisis & Paragon,Lynx,UK,communisis.com,,
,"January 15, 2025",Addison Northwest School District,ThreeAM,USA,anwsd.org,,
,"January 15, 2025",Greyform PRE,SafePay,Singapore,greyform.sg,,
,"January 15, 2025",Safe Coast Seafoods,SafePay,USA,safecoastseafoods.com,,
,"January 15, 2025",Bell & Graham,SafePay,New Zealand,bellandgraham.co.nz,,
,"January 15, 2025",Equipo Postal,SafePay,Spain,equipo-postal.com,,NIS2 🇪🇺
,"January 15, 2025",EuroCert SP,RansomHub,Poland,eurocert.pl,,NIS2 🇪🇺
,"January 15, 2025",Optiline Enterprises,Cactus,USA,optiline.com,,
,"January 15, 2025",Desarrollos Delta,SafePay,Mexico,ddelta.com.mx,,
,"January 15, 2025",FPL Food,Cactus,USA,fplfood.com,,
,"January 15, 2025",Combined Pool,Kairos,USA,combinedpoolandspa.com,,
,"January 15, 2025",AK Constructors,RansomHub,USA,akconstructors.com,,
,"January 15, 2025",Termopuerto SA de CV,SafePay,El Salvador,termopuerto.com,,
,"January 15, 2025",Prestige Maintenance USA,Medusa,USA,prestigeusa.net,,
,"January 15, 2025",Lowe Engineers,Lynx,USA,loweengineers.com,,
,"January 15, 2025",Proexequiales Resurgir,SafePay,Colombia,proexequialesresurgir.com,,
,"January 15, 2025",Betclic Group,APT73/BASHE,Malta,betclic.com,,NIS2 🇪🇺
,"January 15, 2025",J.G. Electrical Installations,Kairos,USA,jgele.com,,
,"January 16, 2025",Lite-Puter,RansomHub,Taiwan,liteputer.com.tw,,
,"January 16, 2025",Solarium Revestimento,RansomHub,Brazil,solariumrevestimentos.com.br,,
,"January 16, 2025",Delta Dental of Washington,8base,USA,deltadentalwa.com,,
,"January 16, 2025",BSE Group SRL,RansomHub,Italy,bsegroup.it,🇮🇹,NIS2 🇪🇺
,"January 16, 2025",A*****Y,FSociety FLocker,Not Available,a*****y.com,,
,"January 16, 2025",The Hoff Brand SL,Everest,Spain,thehoffbrand.com,,NIS2 🇪🇺
,"January 16, 2025",JD Lighting,Sarcoma,USA,jdlighting.com,,
,"January 16, 2025",Anupalan Online Private Limited,KillSec,India,anupalanonline.com,,
,"January 16, 2025",Woodlake Addiction Recovery Center,Everest,USA,woodlakecenter.com,,
,"January 16, 2025",Dona Formosa,Sarcoma,Brazil,donaformosa.com.br,,
,"January 16, 2025",Access Capital Partners,Lynx,France,access-capital-partners.com,,NIS2 🇪🇺
,"January 16, 2025",Volt Infrastructure SRL,Everest,Italy,voltinfra.com,🇮🇹,NIS2 🇪🇺
,"January 16, 2025",Farmacia Cofar,KillSec,Chile,cofar.cl,,
,"January 16, 2025",Platinum Collision,SafePay,USA,platinumcollision.com,,
,"January 17, 2025",Gossett Motor Cars,Lynx,USA,gossettmotorcars.net,,
,"January 17, 2025",Lynx SPA,Morpheus,Italy,lynxspa.com,🇮🇹,NIS2 🇪🇺
,"January 17, 2025",People Encouraging People,INCRansom,USA,peponline.org,,
,"January 17, 2025",Real Tax,Kairos,Canada,realtaxcanada.com,,
,"January 17, 2025",Nightingale Hammerson,Kairos,UK,nightingalehammerson.org,,
,"January 17, 2025",Divimast SRL,akira,Italy,divimast.it,🇮🇹,NIS2 🇪🇺
,"January 17, 2025",Regina Coeli Child Development Center,INCRansom,USA,rccdc.org,,
,"January 17, 2025",Washington Gastroenterology,INCRansom,USA,washgi.com,,
,"January 17, 2025",Federation of Secular Works of the Creuse,APT73/BASHE,France,fol-23.fr,,NIS2 🇪🇺
,"January 17, 2025",Kilgore College,INCRansom,USA,kilgore.edu,,
,"January 17, 2025",Vodotenhika,akira,Croatia,vodotehnika.hr,,NIS2 🇪🇺
,"January 17, 2025",Taylor Regional Hospital,INCRansom,USA,taylorregional.org,,
,"January 18, 2025",Kassin & Carrow,Lynx,USA,kassincarrow.com,,
,"January 18, 2025",Marina Family Medical,Money Message,Australia,marinafamilymedical.com.au,,
,"January 18, 2025",Gonzales Unified School District,SafePay,USA,gonzalesusd.net,,
,"January 18, 2025",USE Federal Credit Union,Qilin,USA,usecreditunion.org,,
,"January 18, 2025",MercuryGate International,Cl0p^_,USA,mercurygate.com,,
,"January 18, 2025",Refreshment Services Pepsi,Qilin,USA,refreshmentservicespepsi.com,,
,"January 18, 2025",Mass Development,BianLian,USA,massdevelopment.com,,
,"January 19, 2025",TG3 Electronics,Rhysida,USA,tg3electronics.com,,
,"January 19, 2025",Welker World-Class Manufacturing,Qilin,USA,welker.com,,
,"January 19, 2025",Richardson Sales Performance,Qilin,USA,richardson.com,,
,"January 20, 2025",Malindo Air,APT73/BASHE,Malaysia,batikair.com.my,,
,"January 20, 2025",D & M Trim,Medusa,USA,dmtriminc.com,,
,"January 20, 2025",Sentinel Systems,Lynx,USA,sentinelsystems.com,,
,"January 20, 2025",Cana Group,Sarcoma,Dominican Republic,canagroupcorp.com,,
,"January 20, 2025",PetroVietnam Exploration Production Corporation,Hunters,Vietnam,pvep.com.vn,,
,"January 20, 2025",Zuk Group,Handala,Israel,zuk.group,,
,"January 20, 2025",Clutch Industries,Lynx,Australia,clutchindustries.com.au,,
,"January 20, 2025",Jacquet Weston Engineering,Sarcoma,UK,jweltd.com,,
,"January 20, 2025",Angotti & Reilly,Lynx,USA,angotti-reilly.com,,
,"January 20, 2025",The Urswick School,Kairos,UK,theurswickschool.co.uk,,
,"January 20, 2025",Compass Underwriting,Sarcoma,UK,compassuw.co.uk,,
,"January 20, 2025",Delta Fabrication and Machine,Medusa,USA,deltafab.net,,
,"January 20, 2025",Rabwin Industries,Qilin,India,rabwin.com,,
,"January 21, 2025",Brunetti,SafePay,USA,brunetti.com,,
,"January 21, 2025",ge*******.com,Cloak,Italy,,🇮🇹,NIS2 🇪🇺
,"January 21, 2025",Nimbus Facility Services,KillSec,Singapore,nimbusforwork.com,,
,"January 21, 2025",Jomarsoft Corp,Cl0p^_,Canada,jomarsoftcorp.com,,
,"January 21, 2025",Supreme Group,RansomHub,India,supremegroup.co.in,,
,"January 21, 2025",Inaya Clinique,Space Bears,Algeria,inayaclinic.org,,
,"January 21, 2025",RETAL Baltic Films,INCRansom,Lithuania,retalfilms.com,,NIS2 🇪🇺
,"January 21, 2025",Bethany Hospital,Space Bears,India,bethanyhospital.in,,
,"January 21, 2025",Solge,SafePay,Spain,solge.es,,NIS2 🇪🇺
,"January 21, 2025",Marukai,Lynx,USA,marukai.com,,
,"January 21, 2025",Miedema Produce,RansomHub,USA,miedemaproduce.com,,
,"January 21, 2025",ICICI Bank,APT73/BASHE,India,icicibank.com,,
,"January 21, 2025",Unknown Target,Sarcoma,USA,,,
,"January 21, 2025",FAAB Invest Advisors Private Limited,KillSec,India,faab.in,,
,"January 21, 2025",Precision Mechanical,RansomHub,USA,precisionmechsd.com,,
,"January 21, 2025",Semesco,SafePay,Cyprus,semesco.com,,NIS2 🇪🇺
,"January 22, 2025",SDK Group,RansomHub,Denmark,sdkgroup.com,,NIS2 🇪🇺
,"January 22, 2025",ilem Group,RansomHub,Switzerland,new.ilemgroup.com,,
,"January 22, 2025",Jacobs & Thompson,Lynx,Canada,foamparts.com,,
,"January 22, 2025",Gaylord Specialty Healthcare,SafePay,USA,gaylord.org,,
,"January 22, 2025",Grohe AG,RansomHub,Germany,grohe.com,,NIS2 🇪🇺
,"January 22, 2025",Christian Community Aid,Space Bears,Australia,ccas.org.au,,
,"January 22, 2025",Omni Fiber LLC,MONTI,USA,omnifiber.com,,
,"January 22, 2025",Architects West,akira,USA,architectswest.com,,
,"January 22, 2025",Boardman Hamilton,RansomHub,USA,boardman-hamilton.com,,
,"January 22, 2025",B&W Fiber Glass,RansomHub,USA,whychoosebw.com,,
,"January 22, 2025",Hayloft Property Management,akira,USA,hayloftapartmenthomes.com,,
,"January 22, 2025",Mintz Law Firm,Lynx,USA,mintzlawfirm.com,,
,"January 22, 2025",Manpower Group,RansomHub,USA,manpower.com,,
,"January 22, 2025",American Standard,RansomHub,USA,americanstandard-us.com,,
,"January 22, 2025",Santa Maria Laboratorio,Space Bears,Brazil,laboratoriosm.com.br,,
,"January 23, 2025",Topackt IT Solutions,LockBit3,Germany,topackt.com,,NIS2 🇪🇺
,"January 23, 2025",Stark Aerospace,INCRansom,USA,starkaerospace.com,,
,"January 23, 2025",Pineland BHDD Community Services,Space Bears,USA,pinelandcsb.org,,
,"January 23, 2025",Enghouse (ex. Navita),akira,Canada,enghouse.com,,
,"January 23, 2025",WorldNet Telecommunications LLC,akira,Puerto Rico,worldnetpr.com,,
,"January 23, 2025",Mission Bank,RansomHub,USA,missionbank.bank,,
,"January 23, 2025",Archaeological Research Services,RansomHub,USA,archaeologicalresearchservices.com,,
,"January 23, 2025",BWFG Betrieb Wirtschaft und Forensik GmbH,Cloak,Austria,bwfg.at,,NIS2 🇪🇺
,"January 23, 2025",Rees NDT Inspection Services,ElDorado,Canada,reesndt.ca,,
,"January 23, 2025",Kooijman Autogroep,FOG,Netherlands,kooijman-autogroep.nl,,NIS2 🇪🇺
,"January 23, 2025",Sawley Lock O’Callaghan,DragonForce,Australia,sawleylock.com.au,,
,"January 23, 2025",Samsill Corp,RansomHub,USA,samsill.com,,
,"January 23, 2025",Centric Netherlands Holding B.V.,Cl0p^_,Netherlands,centric.eu,,NIS2 🇪🇺
,"January 23, 2025",FIO (Fournitures Industrielles de l'Ouest),8base,France,fio.fr,,NIS2 🇪🇺
,"January 23, 2025",op*********.eu,Cloak,Germany,,,NIS2 🇪🇺
,"January 23, 2025",Black Hills Regional Eye Institute,Qilin,USA,blackhillseyes.com,,
,"January 24, 2025",Blue Yonder (bluey##### (30-12-2024)),Cl0p^_,USA,blueyonder.com,,
,"January 24, 2025",Burris Logistics,Cl0p^_,USA,burrislogistics.com,,
,"January 24, 2025",Business Sysinteg,Cl0p^_,USA,businesssysinteg.com,,
,"January 24, 2025",Claw Logistics,Cl0p^_,USA,clawlogistics.com,,
,"January 24, 2025",JAKKS Pacific,Cl0p^_,USA,jakks.com,,
,"January 24, 2025",Sully Transport,Cl0p^_,USA,sullytransport.com,,
,"January 24, 2025",Arrow Motor Auctions,Space Bears,UK,arrowauctions.co.uk,,
,"January 24, 2025",Terra Networks México S.A de C.V,Cl0p^_,Mexico,terra.com,,
,"January 24, 2025",SPG USA,Cl0p^_,USA,spgusa.com,,
,"January 24, 2025",Safco International Gen Trading,Medusa,UAE,safcointl.com,,
,"January 24, 2025",Alpine Foods,Cl0p^_,USA,alpinefoods.com,,
,"January 24, 2025",Powell Tool Supply,Lynx,USA,powelltool.com,,
,"January 24, 2025",Kee Action Sports,Cl0p^_,USA,keeactionsports.com,,
,"January 24, 2025",Steel Blue,Cl0p^_,Australia,steelblue.com.au,,
,"January 24, 2025",Berman Brothers,Medusa,USA,bermanbros.com,,
,"January 24, 2025",Sweet Street,Cl0p^_,USA,sweetstreet.com,,
,"January 24, 2025",ORU Oral Roberts University,Rhysida,USA,oru.edu,,
,"January 24, 2025",Covestro AG,Cl0p^_,Germany,covestro.com,,NIS2 🇪🇺
,"January 24, 2025",Hearst Power Corporation,Cl0p^_,Canada,hearstpower.com,,
,"January 24, 2025",Whitmor,Cl0p^_,USA,whitmor.com,,
,"January 24, 2025",Linfox Pty,Cl0p^_,Australia,linfox.com,,
,"January 24, 2025",Calex ISCS,Cl0p^_,USA,calexiscs.com,,
,"January 24, 2025",Artika,Cl0p^_,Canada,artika.com,,
,"January 24, 2025",Hill Bros Transportation,Cl0p^_,USA,hillbros.com,,
,"January 24, 2025",OFS Portal LLC,Cl0p^_,USA,ofs-portal.com,,
,"January 24, 2025",Papeles y Conversiones de México,RansomHub,Mexico,pcm.com.mx,,
,"January 24, 2025",Eltek Group SPA,FOG,Italy,eltekgroup.com,🇮🇹,NIS2 🇪🇺
,"January 24, 2025",Parekh Integrated Services Pvt,Cl0p^_,India,pispl.in,,
,"January 24, 2025",Consultants,Cl0p^_,USA,consultants.com,,
,"January 24, 2025",C3 Group,Cl0p^_,Netherlands,c3group.nl,,NIS2 🇪🇺
,"January 24, 2025",Mad Engine,Cl0p^_,USA,madengine.com,,
,"January 24, 2025",Seattle Chocolates,Cl0p^_,USA,seattlechocolates.com,,
,"January 24, 2025",Cabinet Jean Louvel Saoudi,8base,France,jean-louvel.fr,,NIS2 🇪🇺
,"January 24, 2025",Utili Smart Corp,Cl0p^_,Canada,utilismartcorp.com,,
,"January 24, 2025",Shih Ka Plastic Boxes,GD Lockersec,Hong Kong,shihka.com.hk,,
,"January 24, 2025",LNRBD Authority,GD Lockersec,Nigeria,lnrbda.gov.ng,,
,"January 24, 2025",Encompass Tech,Cl0p^_,USA,encompasstech.com,,
,"January 24, 2025",Hertz,Cl0p^_,USA,hertz.com,,
,"January 24, 2025",Bmi USA,Cl0p^_,USA,bmiusa.com,,
,"January 24, 2025",Cdr Software,Cl0p^_,USA,cdrsoftware.com,,
,"January 24, 2025",Northern Ontario Wires,Cl0p^_,Canada,northernontariowires.com,,
,"January 24, 2025",Nissin Foods,Cl0p^_,USA,nissinfoods.com,,
,"January 24, 2025",Wannemacher Enterprises,Qilin,USA,wanntl.com,,
,"January 24, 2025",Western Alliance Bank,Cl0p^_,USA,westernalliancebank.com,,
,"January 24, 2025",RXO (Coyote),Cl0p^_,USA,rxo.com,,
,"January 24, 2025",Polaris Transport,Cl0p^_,Canada,polaristransport.com,,
,"January 24, 2025",Premier Supplies,Cl0p^_,USA,premiersupplies.com,,
,"January 24, 2025",Chicago Public Schools,Cl0p^_,USA,cps.edu,,
,"January 24, 2025",Spader Freight Services,Cl0p^_,USA,spaderfreight.com,,
,"January 24, 2025",Bradley Caldwell,Cl0p^_,USA,bradleycaldwell.com,,
,"January 24, 2025",US Luggage,Cl0p^_,USA,usluggage.com,,
,"January 24, 2025",De La Salle High School (dlshs.org),FOG,USA,dlshs.org,,
,"January 24, 2025",Breakthrough,Cl0p^_,USA,breakthroughfuel.com,,
,"January 24, 2025",EspriGas,Cl0p^_,USA,esprigas.com,,
,"January 24, 2025",Emkay,Cl0p^_,USA,emkay.com,,
,"January 24, 2025",Hospital El Cruce,Medusa,Argentina,hospitalelcruce.org,,
,"January 24, 2025",Primo Ticketing,KillSec,USA,primoticketing.com,,
,"January 24, 2025",Ice Rivergreen Bottle Co.,Cl0p^_,Canada,icerivergreenbottleco.com,,
,"January 24, 2025",Innotek Corporation,Cl0p^_,USA,innotek-ep.com,,
,"January 24, 2025",The Government of Punjab,FSociety FLocker,Pakistan,punjab.gov.pk,,
,"January 24, 2025",Chappell Schools,Medusa,USA,chappellschools.com,,
,"January 24, 2025",Université Sidi Mohamed Ben Abdellah,GD Lockersec,Morocco,usmba.ac.ma,,
,"January 24, 2025",Olameter,Cl0p^_,USA,olameter.com,,
,"January 24, 2025",Cleo,Cl0p^_,USA,cleo.com,,
,"January 24, 2025",Arrow Electronics,Cl0p^_,USA,arrow.com,,
,"January 24, 2025",Sheer Logistics,Cl0p^_,USA,sheerlogistics.com,,
,"January 24, 2025",Drew Brady,Cl0p^_,Canada,drewbrady.co,,
,"January 24, 2025",Cree LED,Cl0p^_,USA,cree-led.com,,
,"January 24, 2025",Ampol Oil & Gas,Cl0p^_,Australia,ampol.com.au,,
,"January 25, 2025",Bigotti,SafePay,Romania,bigotti.ro,,NIS2 🇪🇺
,"January 25, 2025",Jan Nygaard,DragonForce,Denmark,jan-nygaard.dk,,NIS2 🇪🇺
,"January 25, 2025",Envirosep,Abyss,USA,envirosep.com,,
,"January 25, 2025",Cell Science Systems,SafePay,USA,cellsciencesystems.com,,
,"January 25, 2025",Keepz,KillSec,Georgia,keepz.me,,
,"January 25, 2025",Paradise Schools,SafePay,USA,paradiseschools.org,,
,"January 25, 2025",Midwest Center,SafePay,USA,mcpathology.com,,
,"January 25, 2025",Nutripack,SafePay,France,nutripack.eu,,NIS2 🇪🇺
,"January 25, 2025",AWS Amazon,GD Lockersec,USA,aws.amazon.com,,
,"January 25, 2025",Welcome Wagon,SafePay,USA,welcomewagon.com,,
,"January 25, 2025",DataSociete,KillSec,France,datasociete.net,,NIS2 🇪🇺
,"January 26, 2025",Let’s Secure Insurance,KillSec,India,letsecure.in,,
,"January 26, 2025",Cairo University - FGSE,GD Lockersec,Egypt,cu.edu.eg,,
,"January 26, 2025",Metro Wire & Cable,Space Bears,USA,metrowire.net,,
,"January 26, 2025",Aishu,RansomHouse,China,aishutech.com,,
,"January 27, 2025",Mapping Solutions,DragonForce,USA,mappingsolutions.com,,
,"January 27, 2025",International AIDS Vaccine Initiative (iavi.org),INCRansom,USA,iavi.org,,
,"January 27, 2025",Lake Highland Preparatory School,INCRansom,USA,lhps.org,,
,"January 27, 2025",Aquasys,DragonForce,Czech Republic,aquasys.cz,,NIS2 🇪🇺
,"January 27, 2025",Prinston Pharmaceutical,INCRansom,USA,huahaius.com,,
,"January 27, 2025",Grand Fire Protection,akira,USA,grandfire.net,,
,"January 27, 2025",RDC Architects,Qilin,Singapore,rdca.com.sg,,
,"January 27, 2025",Alo Center,Lynx,Sweden,hq.aloteknik.se,,NIS2 🇪🇺
,"January 27, 2025",Mark Resolve Inc,akira,USA,mresolve.com,,
,"January 27, 2025","Weeks, Brucker & Coleman",Everest,USA,weeksbrucker.com,,
,"January 27, 2025",Lee Hartman & Sons,Metaencryptor,USA,leehartman.com,,
,"January 28, 2025",Lnetwork,MONTI,USA,,,
,"January 28, 2025",CNN Indonesia,INCRansom,Indonesia,cnnindonesia.com,,
,"January 28, 2025",QCN Consulting,akira,China,szsqcn.com,,
,"January 28, 2025",Singapore Cooperation Enterprise (SCE),Lynx,Singapore,sce.org.sg,,
,"January 28, 2025",Carthage Police Department,Rhysida,USA,carthagetexas.us,,
,"January 28, 2025",Mercy Supply Collaborative,akira,USA,rgcf.org,,
,"January 28, 2025",Acoustiblok,MONTI,USA,acoustiblok.com,,
,"January 28, 2025",Bürgermeisteramt Kaisersbach,Cloak,Germany,kaisersbach.de,,NIS2 🇪🇺
,"January 28, 2025",Neovita,Cloak,Germany,neovita.de,,NIS2 🇪🇺
,"January 28, 2025",Metalurgica Roma,MONTI,Argentina,metalurgicaroma.com,,
,"January 28, 2025",Broward College,INCRansom,USA,broward.edu,,
,"January 29, 2025",Boldon James,INCRansom,UK,boldonjames.com,,
,"January 29, 2025",By Design,PLAY,USA,bydesignllc.com,,
,"January 29, 2025",Rossi Real Estate,Lynx,USA,rossi-realestate.com,,
,"January 29, 2025",Heart to Heart Hospice,INCRansom,USA,hearttohearthospice.com,,
,"January 29, 2025",Miles Industries,Medusa,UK,milesindustries.com,,
,"January 29, 2025",Trivad,PLAY,USA,trivad.com,,
,"January 29, 2025",Midway Metals Marine,RansomHub,Vietnam,midwaymetals.com.vn,,
,"January 29, 2025",Mission Locale Montpellier,INCRansom,France,montpellier-jeunes-emploi.fr,,NIS2 🇪🇺
,"January 29, 2025",AirEuropa,INCRansom,Spain,aireuropa.com,,NIS2 🇪🇺
,"January 29, 2025",Israel Ministry of National Security,Handala,Israel,mops.gov.il,,
,"January 29, 2025",Marshall & Bruce Printing,PLAY,USA,marbruco.com,,
,"January 29, 2025",Johnston LLC,PLAY,USA,johnstonllc.com,,
,"January 29, 2025",NG Automatics,Medusa,UK,ngautomatics.co.uk,,
,"January 29, 2025",SCV Med Group,MONTI,USA,scvmedicalgroup.com,,
,"January 29, 2025",Bowen & Burns,MONTI,USA,southamptonbusiness.org,,
,"January 29, 2025",Plymouth Foam,PLAY,USA,plymouthfoam.com,,
,"January 29, 2025",Aden Footwear,Medusa,Canada,adenfootwear.ca,,
,"January 29, 2025",Delta Screen & Filtration,Lynx,USA,delta-screens.com,,
,"January 29, 2025",Cahoon Farms,PLAY,USA,cahoonfarms.com,,
,"January 29, 2025",Premier Auto Credit,Cloak,USA,premierautocredit.com,,
,"January 29, 2025",daVinci Retail,PLAY,USA,davinciretail.com,,
,"January 29, 2025",Menominee Tribal Clinic,INCRansom,USA,mtclinic.org,,
,"January 29, 2025",Strategic Materials,Lynx,USA,sibelco.com,,
,"January 29, 2025",Boutin Jones,FOG,USA,boutindentino.com,,
,"January 29, 2025",Biagi Bros,Cactus,USA,biagibros.com,,
,"January 29, 2025",Addison Saws,Medusa,UK,addisonsaws.co.uk,,
,"January 29, 2025",Cimarron Telephone Company,PLAY,USA,cimtel.net,,
,"January 29, 2025",Philip Laney & Jolly,Medusa,UK,pljworcester.co.uk,,
,"January 29, 2025",Studio Dati Aziendali SAS,DragonForce,Italy,studiomontanini.com,🇮🇹,NIS2 🇪🇺
,"January 29, 2025",City of Beloit,INCRansom,USA,beloitwi.gov,,
,"January 29, 2025",ARDEX Australia,Medusa,Australia,ardexaustralia.com,,
,"January 29, 2025","Bogin, Munns & Munns",Qilin,USA,boginmunns.com,,
,"January 29, 2025",Tennessee Lottery,INCRansom,USA,tnlottery.com,,
,"January 29, 2025",Turning Leaf,INCRansom,USA,turningleafrehab.com,,
,"January 29, 2025",Versalys,Qilin,Canada,versalys.com,,
,"January 29, 2025",Del Packaging,Kairos,USA,delpackaging.com,,
,"January 29, 2025",Wallin & Klarich,PLAY,USA,wklaw.com,,
,"January 29, 2025",The Wendt Agency,Lynx,USA,thewendtagency.com,,
,"January 29, 2025",Commercial & Residential Management Group,PLAY,USA,crmgco.com,,
,"January 29, 2025",English Braids,Medusa,UK,englishbraids.com,,
,"January 30, 2025",Silverado Contractors,Lynx,USA,silveradocontractors.com,,
,"January 30, 2025",Night Hawk,PLAY,USA,nighthawkfoods.com,,
,"January 30, 2025",Engine Power Source,Lynx,USA,enginepowersource.com,,
,"January 30, 2025",Kombinat Media Gestalter (Gitlabs source codes),FOG,Austria,kombinat.at,,NIS2 🇪🇺
,"January 30, 2025",Perfect Plastic,akira,USA,perfectplastic.com,,
,"January 30, 2025",Benuta,akira,Germany,benuta.com,,NIS2 🇪🇺
,"January 30, 2025",Nenok GmbH,MONTI,Germany,nenok.com,,NIS2 🇪🇺
,"January 30, 2025",Tri-Sen Turbomachinery Controls,Lynx,USA,tri-sen.com,,
,"January 30, 2025",Soitin Laine Oy,ThreeAM,Finland,soitinlaine.fi,,NIS2 🇪🇺
,"January 30, 2025",Waggoner,Cloak,USA,waggonereng.com,,
,"January 30, 2025",Pay Ahmedabad e-Challan,KillSec,India,payahmedabadechallan.org,,
,"January 30, 2025",Tabletops Unlimited,Cactus,USA,ttucorp.com,,
,"January 30, 2025",Menway Groupe,akira,France,menway.com,,NIS2 🇪🇺
,"January 30, 2025",Centro Medico Enova,Cloak,Spain,centromedicoenova.com,,NIS2 🇪🇺
,"January 30, 2025",HE2B (Gitlabs source codes),FOG,Belgium,he2b.be,,NIS2 🇪🇺
,"January 30, 2025",C. H. Fenstermaker & Associates LLC,MONTI,USA,fenstermaker.com,,
,"January 30, 2025",Jaya Apparel Group,Cactus,USA,jayaapparelgroup.com,,
,"January 30, 2025",Prasaga Foundation (Gitlabs source codes),FOG,Switzerland,prasaga.com,,
,"January 30, 2025",Zschimmer and Schwarz,Termite,Germany,zschimmer-schwarz.com,,NIS2 🇪🇺
,"January 30, 2025",Alko Distributors,Cactus,USA,alkodistributors.com,,
,"January 30, 2025",Scott Engineering,Lynx,USA,scott-engineering.com,,
,"January 30, 2025",KPI Engineering,Lynx,USA,kpiengineering.com,,
,"January 30, 2025",OmeTV,APT73/BASHE,Portugal,ome.tv,,NIS2 🇪🇺
,"January 30, 2025",Ottawa Family Physicians,Qilin,Canada,ottawafamilyphysicians.com,,
,"January 30, 2025",Sunrise Soya Foods,Cactus,Canada,sunrise-soya.com,,
,"January 30, 2025",Jalaram Produce,Lynx,USA,jalaramproduce.com,,
,"January 31, 2025",Hexpol Group (Hexpol Compounding Americas),Qilin,Sweden,hexpol.com,,NIS2 🇪🇺
,"January 31, 2025",JohnPaulRichard,Cactus,USA,johnpaulrichard.com,,
,"January 31, 2025",Fox Construction Group,akira,UK,fcgukltd.com,,
,"January 31, 2025",Cannara Biotech,akira,Canada,cannara.ca,,
,"January 31, 2025",TeligentEMS,akira,USA,teligentems.com,,
,"January 31, 2025",A&D Hydra Clean & Restoration,akira,USA,adhydraclean.com,,
,"January 31, 2025",NJ Car,akira,USA,njcar.org,,
,"January 31, 2025",Farrar Corporation,DragonForce,USA,farrarusa.com,,
,"January 31, 2025",Swiss Cz,akira,Czech Republic,swissit.cz,,NIS2 🇪🇺
,"January 31, 2025",idre Fjall,akira,Sweden,idrefjall.se,,NIS2 🇪🇺
,"January 31, 2025",ISI Detention Contracting,akira,USA,"isisecurity.com ",,
,"January 31, 2025",Farmatodo,akira,Venezuela,farmatodo.com,,
,"January 31, 2025",Beauty Works Spa,Medusa,Canada,beautyworksspa.com,,
,"January 31, 2025",Greater Scranton Board of Realtors,akira,USA,scrantonrealtors.org,,
,"January 31, 2025",Empereon Constar,akira,USA,empereon-constar.com,,
,"January 31, 2025",Trimaco,Medusa,USA,trimaco.com,,
,"January 31, 2025",Omni Flow Computers,akira,USA,"omniflow.com ",,
,"January 31, 2025",Centerra co-op,akira,USA,centerracoop.com,,
,"January 31, 2025",ELF Productivity,akira,UK,elf.co.uk,,
,"January 31, 2025",Pembina Trails School Division,Rhysida,Canada,pembinatrails.ca,,
,"January 31, 2025",Right of Way Equipment,akira,USA,rightofwayequipment.net,,
,"January 31, 2025",X-Pans (Gitlabs source codes),FOG,France,x-pans.com,,NIS2 🇪🇺
,"January 31, 2025",Allbright Cotton,akira,USA,allbrightcotton.com,,
,"January 31, 2025",Jewish Federation of Greater Vancouver,akira,Canada,jfgv.ca,,
,"January 31, 2025",DKGR Architects,akira,USA,dkgrar.com,,
,"January 31, 2025",SCP Building Products,DragonForce,UK,scp-bp.co.uk,,
,"January 31, 2025",California Faucets,akira,USA,calfaucets.com,,
,"January 31, 2025",Iris Insurance Brokers,akira,UK,"irisib.com ",,
,"January 31, 2025","Kats, Jamison & Associates",DragonForce,USA,mkats.com,,
,"January 31, 2025",Simco Interiors,akira,USA,simcointeriors.com,,
,"January 31, 2025",w*****e.com,FSociety FLocker,Not Available,,,
,"January 31, 2025",Professional Computer (Gitlabs source codes),FOG,Thailand,pccth.com,,
,"January 31, 2025",Garce Fruit,akira,Chile,garcesfruit.com,,
,"January 31, 2025","BH Aircraft Company, Inc",Rhysida,USA,bhaircraft.com,,
,"January 31, 2025",Arena Technical Resources,akira,USA,atr.com,,
,"January 31, 2025",World Fabrics,akira,USA,worldfabricinc.com,,
,"January 31, 2025",Yhti (Your Home Town Internet Service),akira,USA,yhti.com,,
,"January 31, 2025",VSS Transportation Group,Cactus,USA,vsstransportationgroup.com,,
,"January 31, 2025",US GlobeCorp,DragonForce,USA,usglobecorp.com,,
,"January 31, 2025",Angotti & Reilly,DragonForce,USA,angotti-reilly.com,,
,"January 31, 2025",Hikari Seiko,Qilin,Japan,hikariseiko.com,,
,"January 31, 2025",SNADC,akira,USA,snadc.com,,
,"January 31, 2025",Land and Lakes Company,DragonForce,USA,land-and-lakes.com,,
,"January 31, 2025",Sullivan Griffith & Beatty,akira,USA,sgbllp.com,,
,"January 31, 2025",Andrew Lauren,akira,USA,andrewlauren.com,,
,"January 31, 2025",Ramsey Quantitative Systems,akira,USA,rqsi.com,,
,"January 31, 2025",Vanguard Paints & Finishes,akira,USA,vanguardpaints.com,,
,"January 31, 2025",Madison Forms,akira,USA,madisonforms.com,,
,"January 31, 2025",Akran Intellectual Property SRL,Qilin,Italy,akran.it,🇮🇹,NIS2 🇪🇺
,"January 31, 2025",Clark Power,akira,USA,clarkpower.com,,
,"January 31, 2025",Propulsion Academy (Gitlabs source codes),FOG,Switzerland,academy.constructor.org,,
,"January 31, 2025",Southeast Supply,8base,USA,southeastsupplytn.com,,
,"January 31, 2025",Engineering Design Initiative,DragonForce,USA,edi-dolejs.com,,
,"January 31, 2025",IBP,akira,USA,ibp.com,,
,"January 31, 2025",Dolmor Salon,Medusa,Canada,dolmor.com,,
,"January 31, 2025",Atlantic Electrics,akira,UK,atlanticelectrics.co.uk,,
,"January 31, 2025",Fayez Spa,Medusa,Canada,fayezspa.com,,
